install-harness	/opt/revoman-benchmark/runs/cs2a.Gp3djMyg/checkouts/harness/gradlew	-p	/opt/revoman-benchmark/runs/cs2a.Gp3djMyg/checkouts/harness	:benchmark-driver:installDist	--no-daemon	--console=plain
export-baseline-a	/opt/revoman-benchmark/runs/cs2a.Gp3djMyg/checkouts/baseline-a/gradlew	-p	/opt/revoman-benchmark/runs/cs2a.Gp3djMyg/checkouts/baseline-a	-I	/opt/revoman-benchmark/runs/cs2a.Gp3djMyg/checkouts/harness/benchmark-driver/build/install/benchmark-driver/libexec/benchmark-target.init.gradle.kts	clean	writeBenchmarkTargetManifest	-Pbenchmark.targetManifest=/opt/revoman-benchmark/runs/cs2a.Gp3djMyg/manifests/baseline-a.json	-Pbenchmark.targetId=baseline-a-cs2a	--no-daemon	--console=plain
export-baseline-b	/opt/revoman-benchmark/runs/cs2a.Gp3djMyg/checkouts/baseline-b/gradlew	-p	/opt/revoman-benchmark/runs/cs2a.Gp3djMyg/checkouts/baseline-b	-I	/opt/revoman-benchmark/runs/cs2a.Gp3djMyg/checkouts/harness/benchmark-driver/build/install/benchmark-driver/libexec/benchmark-target.init.gradle.kts	clean	writeBenchmarkTargetManifest	-Pbenchmark.targetManifest=/opt/revoman-benchmark/runs/cs2a.Gp3djMyg/manifests/baseline-b.json	-Pbenchmark.targetId=baseline-b-cs2a	--no-daemon	--console=plain
export-candidate	/opt/revoman-benchmark/runs/cs2a.Gp3djMyg/checkouts/candidate/gradlew	-p	/opt/revoman-benchmark/runs/cs2a.Gp3djMyg/checkouts/candidate	-I	/opt/revoman-benchmark/runs/cs2a.Gp3djMyg/checkouts/harness/benchmark-driver/build/install/benchmark-driver/libexec/benchmark-target.init.gradle.kts	clean	writeBenchmarkTargetManifest	-Pbenchmark.targetManifest=/opt/revoman-benchmark/runs/cs2a.Gp3djMyg/manifests/candidate.json	-Pbenchmark.targetId=candidate-cs2a	--no-daemon	--console=plain
verify-manifest-baseline-a	jq	-e	-f	/opt/revoman-benchmark/runs/cs2a.Gp3djMyg/checkouts/harness/docs/superpowers/benchmarks/operators/cs2a-validate-manifest.jq	/opt/revoman-benchmark/runs/cs2a.Gp3djMyg/manifests/baseline-a.json
verify-manifest-baseline-b	jq	-e	-f	/opt/revoman-benchmark/runs/cs2a.Gp3djMyg/checkouts/harness/docs/superpowers/benchmarks/operators/cs2a-validate-manifest.jq	/opt/revoman-benchmark/runs/cs2a.Gp3djMyg/manifests/baseline-b.json
verify-manifest-candidate	jq	-e	-f	/opt/revoman-benchmark/runs/cs2a.Gp3djMyg/checkouts/harness/docs/superpowers/benchmarks/operators/cs2a-validate-manifest.jq	/opt/revoman-benchmark/runs/cs2a.Gp3djMyg/manifests/candidate.json
cold-aa	/opt/revoman-benchmark/runs/cs2a.Gp3djMyg/checkouts/harness/benchmark-driver/build/install/benchmark-driver/bin/benchmark-driver	run-paired	--mode	cold	--intent	smoke	--baseline	/opt/revoman-benchmark/runs/cs2a.Gp3djMyg/manifests/baseline-a.json	--baseline-adapter	baseline-83f3cd70	--candidate	/opt/revoman-benchmark/runs/cs2a.Gp3djMyg/manifests/baseline-b.json	--candidate-adapter	baseline-83f3cd70	--workload	lifecycle.no-script-one-step.v1	--blocks	2	--forks-per-block	1	--warmups	0	--iterations	1	--seed	5928239383101656625	--metrics	latency	--artifacts-dir	/opt/revoman-benchmark/runs/cs2a.Gp3djMyg/artifacts/cold-aa	--output	/opt/revoman-benchmark/runs/cs2a.Gp3djMyg/results/cold-aa.json
warm-aa	/opt/revoman-benchmark/runs/cs2a.Gp3djMyg/checkouts/harness/benchmark-driver/build/install/benchmark-driver/bin/benchmark-driver	run-paired	--mode	warm	--intent	smoke	--baseline	/opt/revoman-benchmark/runs/cs2a.Gp3djMyg/manifests/baseline-a.json	--baseline-adapter	baseline-83f3cd70	--candidate	/opt/revoman-benchmark/runs/cs2a.Gp3djMyg/manifests/baseline-b.json	--candidate-adapter	baseline-83f3cd70	--workload	lifecycle.no-script-one-step.v1	--blocks	2	--forks-per-block	1	--warmups	1	--iterations	3	--seed	5928239383101656625	--metrics	latency	--artifacts-dir	/opt/revoman-benchmark/runs/cs2a.Gp3djMyg/artifacts/warm-aa	--output	/opt/revoman-benchmark/runs/cs2a.Gp3djMyg/results/warm-aa.json
cold-candidate	/opt/revoman-benchmark/runs/cs2a.Gp3djMyg/checkouts/harness/benchmark-driver/build/install/benchmark-driver/bin/benchmark-driver	run-paired	--mode	cold	--intent	smoke	--baseline	/opt/revoman-benchmark/runs/cs2a.Gp3djMyg/manifests/baseline-a.json	--baseline-adapter	baseline-83f3cd70	--candidate	/opt/revoman-benchmark/runs/cs2a.Gp3djMyg/manifests/candidate.json	--candidate-adapter	major-v1	--workload	lifecycle.no-script-one-step.v1	--blocks	2	--forks-per-block	1	--warmups	0	--iterations	1	--seed	5928239383101656625	--metrics	latency	--artifacts-dir	/opt/revoman-benchmark/runs/cs2a.Gp3djMyg/artifacts/cold-candidate	--output	/opt/revoman-benchmark/runs/cs2a.Gp3djMyg/results/cold-candidate.json
warm-candidate	/opt/revoman-benchmark/runs/cs2a.Gp3djMyg/checkouts/harness/benchmark-driver/build/install/benchmark-driver/bin/benchmark-driver	run-paired	--mode	warm	--intent	smoke	--baseline	/opt/revoman-benchmark/runs/cs2a.Gp3djMyg/manifests/baseline-a.json	--baseline-adapter	baseline-83f3cd70	--candidate	/opt/revoman-benchmark/runs/cs2a.Gp3djMyg/manifests/candidate.json	--candidate-adapter	major-v1	--workload	lifecycle.no-script-one-step.v1	--blocks	2	--forks-per-block	1	--warmups	1	--iterations	3	--seed	5928239383101656625	--metrics	latency	--artifacts-dir	/opt/revoman-benchmark/runs/cs2a.Gp3djMyg/artifacts/warm-candidate	--output	/opt/revoman-benchmark/runs/cs2a.Gp3djMyg/results/warm-candidate.json
verify-aa-cold	/opt/revoman-benchmark/runs/cs2a.Gp3djMyg/checkouts/harness/benchmark-driver/build/install/benchmark-driver/bin/benchmark-driver	verify	--input	/opt/revoman-benchmark/runs/cs2a.Gp3djMyg/results/cold-aa.json
comparison-aa-cold	/opt/revoman-benchmark/runs/cs2a.Gp3djMyg/checkouts/harness/benchmark-driver/build/install/benchmark-driver/bin/benchmark-driver	compare	--input	/opt/revoman-benchmark/runs/cs2a.Gp3djMyg/results/cold-aa.json	--output-json	/opt/revoman-benchmark/runs/cs2a.Gp3djMyg/results/comparison-aa-cold.json	--output-md	/opt/revoman-benchmark/runs/cs2a.Gp3djMyg/results/comparison-aa-cold.md
verify-aa-warm	/opt/revoman-benchmark/runs/cs2a.Gp3djMyg/checkouts/harness/benchmark-driver/build/install/benchmark-driver/bin/benchmark-driver	verify	--input	/opt/revoman-benchmark/runs/cs2a.Gp3djMyg/results/warm-aa.json
comparison-aa-warm	/opt/revoman-benchmark/runs/cs2a.Gp3djMyg/checkouts/harness/benchmark-driver/build/install/benchmark-driver/bin/benchmark-driver	compare	--input	/opt/revoman-benchmark/runs/cs2a.Gp3djMyg/results/warm-aa.json	--output-json	/opt/revoman-benchmark/runs/cs2a.Gp3djMyg/results/comparison-aa-warm.json	--output-md	/opt/revoman-benchmark/runs/cs2a.Gp3djMyg/results/comparison-aa-warm.md
verify-candidate-cold	/opt/revoman-benchmark/runs/cs2a.Gp3djMyg/checkouts/harness/benchmark-driver/build/install/benchmark-driver/bin/benchmark-driver	verify	--input	/opt/revoman-benchmark/runs/cs2a.Gp3djMyg/results/cold-candidate.json
comparison-candidate-cold	/opt/revoman-benchmark/runs/cs2a.Gp3djMyg/checkouts/harness/benchmark-driver/build/install/benchmark-driver/bin/benchmark-driver	compare	--input	/opt/revoman-benchmark/runs/cs2a.Gp3djMyg/results/cold-candidate.json	--output-json	/opt/revoman-benchmark/runs/cs2a.Gp3djMyg/results/comparison-candidate-cold.json	--output-md	/opt/revoman-benchmark/runs/cs2a.Gp3djMyg/results/comparison-candidate-cold.md
verify-candidate-warm	/opt/revoman-benchmark/runs/cs2a.Gp3djMyg/checkouts/harness/benchmark-driver/build/install/benchmark-driver/bin/benchmark-driver	verify	--input	/opt/revoman-benchmark/runs/cs2a.Gp3djMyg/results/warm-candidate.json
comparison-candidate-warm	/opt/revoman-benchmark/runs/cs2a.Gp3djMyg/checkouts/harness/benchmark-driver/build/install/benchmark-driver/bin/benchmark-driver	compare	--input	/opt/revoman-benchmark/runs/cs2a.Gp3djMyg/results/warm-candidate.json	--output-json	/opt/revoman-benchmark/runs/cs2a.Gp3djMyg/results/comparison-candidate-warm.json	--output-md	/opt/revoman-benchmark/runs/cs2a.Gp3djMyg/results/comparison-candidate-warm.md
